Apple Music Revenue and Usage Statistics,2021
Candy Crush Revenue and Usage Statistics,2021
Coinbase Revenue and Usage Statistics,2021
Clubhouse Revenue and Usage Statistics,2021
PUBG Mobile Revenue and Usage Statistics,2021
Signal Revenue & Usage Statistics,2021
Minecraft Revenue and Usage Statistics,2021
Hulu Revenue and Usage Statistics,2021
Among Us Revenue and Usage Statistics,2021
Wish Revenue and Usage Statistics,2021
Fitbit Revenue and Usage Statistics,2021
PayPal Revenue and Usage Statistics,2021
Bumble Revenue and Usage Statistics,2021
Reddit Revenue and Usage Statistics,2021
MyFitnessPal Revenue and Usage Statistics,2021
Strava Revenue and Usage Statistics,2021
Instacart Revenue and Usage Statistics,2021
Just Eat Revenue and Usage Statistics,2021
Postmates Revenue and Usage Statistics,2021
DoorDash Revenue and Usage Statistics,2021
Grubhub Revenue and Usage Statistics,2021
Discord Revenue and Usage Statistics,2021
what3words Revenue and Usage Statistics,2021
Slack Revenue and Usage Statistics,2021
Clash of Clans Revenue And Usage Statistics,2021
SoundCloud Revenue And Usage Statistics,2021
Cash App Revenue and Usage Statistics,2021
Venmo Revenue and Usage Statistics,2021
Roblox Revenue and Usage Statistics,2021
Headspace Revenue and Usage Statistics,2021
Calm Revenue and Usage Statistics,2021
Pandora Music Revenue and Usage Statistics,2021
Revolut Revenue and Usage Statistics,2021
Monzo Revenue and Usage Statistics,2020
Robinhood Revenue and Usage Statistics,2021
Duolingo Revenue and Usage Statistics,2021
Uber Eats Revenue and Usage Statistics,2021
Microsoft Teams Revenue and Usage Statistics,2021
Airbnb Revenue and Usage Statistics,2021
Disney Plus Revenue and Usage Statistics,2020
Houseparty Revenue and Usage Statistics,2020
Zoom Revenue and Usage Statistics,2020
FaceApp Revenue and Usage Statistics,2020
Pinterest Revenue and Usage Statistics,2020
Lyft Revenue and Usage Statistics,2020
HQ Trivia Revenue and Usage Statistics,2020
Twitch Revenue and Usage Statistics,2021
Deliveroo Revenue and Usage Statistics,2020
TikTok Revenue and Usage Statistics,2021
Spotify Revenue and Usage Statistics,2021
Fortnite Usage and Revenue Statistics,2020
LinkedIn Usage and Revenue Statistics,2020
Netflix Revenue and Usage Statistics,2021
Twitter Revenue and Usage Statistics,2020
YouTube Revenue and Usage Statistics,2020
Instagram Revenue and Usage Statistics,2021
Tinder Revenue and Usage Statistics,2021
Uber Revenue and Usage Statistics,2020
WeChat Revenue and Usage Statistics,2020
Line Revenue and Usage Statistics,2020
Telegram Revenue and Usage Statistics,2020
WhatsApp Revenue and Usage Statistics,2020
Snapchat Revenue and Usage Statistics,2020
Pokémon GO Revenue and Usage Statistics,2020
Facebook Revenue and Usage Statistics,2021
